0,1,2
,,
1/10/2021,1pm,7pm
2/10/2021,4pm,12pm
3/10/2021,4pm,12pm
6/10/2021,12pm,4pm
8/10/2021,1pm,8pm
11/10/2021,5am,1pm
13/10/2021,12pm,4am
16/10/2021,5am,1pm
17/10/2021,5am,1pm
20/10/2021,12pm,4pm
22/10/2021,1pm,9pm
25/10/2021,5am,1pm
29/10/2021,1pm,7pm
30/10/2021,4pm,12pm
31/10/2021,4pm,12pm
3/11/2021,12pm,4pm
5/11/2021,1pm,8pm
8/11/2021,5am,1pm
10/11/2021,12pm,4am
13/11/2021,5am,1pm
14/11/2021,5am,3pm
17/11/2021,12pm,4pm
19/11/2021,1pm,9pm
22/11/2021,5am,1pm
26/11/2021,1pm,7pm
27/11/2021,4pm,12pm
28/11/2021,4pm,12pm
1/12/2021,12pm,4pm
3/12/2021,1pm,8pm
6/12/2021,5am,1pm
8/12/2021,12pm,4am
11/12/2021,5am,1pm
12/12/2021,5am,1pm
15/12/2021,12pm,4pm
17/12/2021,1pm,8pm
20/12/2021,5am,1pm
24/12/2021,2pm,10pm
26/12/2021,2pm,10pm
,,
